序号,链接,节点数
0,https://VnLGnB.absslk.xyz/e9808094e2081e5717e91e448ef7c2e4,38
1,https://gitlab.com/colloq168/nodefiltrate/-/raw/main/filtrate?ref_type=heads,164
2,https://ouc9YB.mcsslk.xyz/0af5568217300e990ef3aec935ab9e02,39
3,https://raw.githubusercontent.com/Alvin9999/pac2/master/clash.meta2/1/config.yaml,0
4,https://raw.githubusercontent.com/Alvin9999/pac2/master/clash.meta2/13/config.yaml,0
5,https://raw.githubusercontent.com/Alvin9999/pac2/master/clash.meta2/15/config.yaml,0
6,https://raw.githubusercontent.com/Alvin9999/pac2/master/clash.meta2/2/config.yaml,0
7,https://raw.githubusercontent.com/Alvin9999/pac2/master/clash.meta2/config.yaml,0
8,https://raw.githubusercontent.com/Huibq/TrojanLinks/master/links/vmess,0
9,https://raw.githubusercontent.com/Surfboardv2ray/TGParse/main/python/hy2,0
10,https://raw.githubusercontent.com/Surfboardv2ray/TGParse/main/python/hysteria2,1
11,https://raw.githubusercontent.com/qjlxg/hy2/main/splitted/hy2,0
12,https://raw.githubusercontent.com/ripaojiedian/freenode/main/clash,23
13,https://raw.githubusercontent.com/ripaojiedian/freenode/main/sub,24
14,https://raw.githubusercontent.com/zhangkaiitugithub/passcro/main/speednodes.yaml,231
15,dynamic://peasoft,0

总计,,476
